Ticker,Company Name,Implied EV,Revenue,Gross Profit,EBITDA,Valuation/Revenue,EBITDA Margin %,Target,Rev_Growth,Gross_Margin,Rule_of_40,Log_EV,Buyout_Prob,Analyst_Upside,Upside_Rank,Conviction_Score,Annual Return %
VRNS,"Varonis Systems, Inc.",4070444202.1291046,608677000.0,487206000.0,-84042000.0,6.105246628555219,-0.1380732309582915,0,0.1047772030129776,0.8004343847393609,-3.329602794531384,22.12701797126345,0.7358262252275094,0.6697836294416244,0.7888888888888889,0.7490918911428542,-37.92831584191678
BRZE,"Braze, Inc.",4784062082.954838,593410000.0,410219000.0,-112044000.0,8.05460656705286,-0.1888138049577863,0,0.257757524374735,0.6912910129589996,6.894371941694871,22.288555830925844,0.7235785990162956,0.5354360108917631,0.6888888888888889,0.714906171484444,-30.41213095380078
GRND,Grindr Inc.,2772671016.992285,411545000.0,306631000.0,-2007000.0,6.064362383195725,-0.004876744948912,0,0.1941439663877251,0.7450728352914019,18.92672214388132,21.743076958962643,0.6418217292654314,0.6099185788304959,0.7555555555555555,0.6702551858379624,-12.272723613410147
S,"SentinelOne, Inc.",7611045813.147144,821461000.0,610355000.0,-238670000.0,9.492379812489144,-0.2905433124640122,0,0.3224755857645607,0.74301153676194,3.193227330054849,22.75286642567842,0.7014191334403455,0.3793596698113207,0.5555555555555556,0.6649532389691479,-40.86471790792853
CFLT,"Confluent, Inc.",7873289235.787325,1113149000.0,825337000.0,-358708000.0,6.347173860630809,-0.3222461683027159,0,0.1551478661162548,0.7414434186258982,-16.709830218646108,22.786741758285093,0.7562201361261309,0.178476532769556,0.3037037037037037,0.6430910280205242,-28.506655654631075
BULL,Webull Corporation,3328239123.682955,513502198.0,397284897.0,60589327.0,7.537045778493347,0.1179923420697802,0,0.3158973672304448,0.7736771109205651,43.3889709300225,21.92570920969279,0.5728782415535278,0.7818574514038877,0.8481481481481481,0.641695718202183,-19.75736343594478
KVYO,"Klaviyo, Inc.",3139237558.1968746,1153988000.0,867171000.0,-82528000.0,3.4715261841517195,-0.0715154750309362,0,0.2309678024969492,0.7514558210310679,15.945232746601308,21.86724579183971,0.6123583941612427,0.5031596696490022,0.6592592592592592,0.6240836104357468,-25.41067723606769
AEYE,"AudioEye, Inc.",165150578.93732643,39540000.0,31082000.0,891000.0,3.957374277625858,0.0225341426403641,0,0.1232635436493281,0.7860900354071826,14.57976862896922,18.92236822137424,0.5507577359962368,0.7619047619047619,0.837037037037037,0.6223275612564368,-53.60824575751868
BLND,"Blend Labs, Inc.",740560534.0745378,132561000.0,91448000.0,4690000.0,5.989473028074153,0.0353799382925596,0,-0.1818181818181817,0.6898559908268647,-14.643824352562216,20.42291793724989,0.6003328861036176,0.5080645161290321,0.6666666666666666,0.6169163312443798,-40.384615031925165
ALKT,"Alkami Technology, Inc.",2541961792.5941486,412504000.0,240730000.0,-26701000.0,5.383789714994639,-0.0647290692938735,0,0.2356005259862992,0.5835822198087776,17.087145669242574,21.656201979543344,0.5890178556865893,0.5392699763593382,0.6962962962962963,0.615837465839016,-46.65826278789418
AVPT,"AvePoint, Inc.",2332017619.6712008,393993000.0,293549000.0,29367000.0,7.087216320267621,0.074536857253809,0,0.1921768810404198,0.7450614604828004,26.671373829422887,21.56999966144007,0.602338352431286,0.4829149922720247,0.6481481481481481,0.6137908013605016,-30.986668904622395
NCNO,"nCino, Inc.",3982298818.174679,540657000.0,324788000.0,9548000.0,7.151304465076155,0.017659995154044,0,0.1345398001859223,0.6007283730720216,15.219979533996636,22.10512508225772,0.632751579105025,0.3793206883066093,0.5518518518518518,0.6125266472917317,-39.83529483570772
INTA,"Intapp, Inc.",3929495652.545929,504120000.0,372972000.0,-4646000.0,8.383897985689774,-0.0092160596683329,0,0.1709478936084716,0.7398476553201618,16.173183394013872,22.09177692216121,0.6719095856465955,0.2643868968570164,0.4037037037037037,0.6048581151608726,-33.15578820375214
CCC,CCC Intelligent Solutions Holdings Inc.,5857678400.094414,996961000.0,747652000.0,197844000.0,4.859045037964789,0.1984470806781809,0,0.0552085097375105,0.7499310404318724,25.365559041569146,22.491019184748733,0.5690013700865033,0.5542328042328043,0.7111111111111111,0.6045288053426553,-40.70588280172909
AMPL,"Amplitude, Inc.",1023979914.5317184,329918000.0,244022000.0,-103349000.0,3.341472470528186,-0.3132566274043853,0,0.1024018284370071,0.7396443964863997,-21.08547989673781,20.74696274963281,0.5999049379988554,0.4411024436090225,0.6148148148148148,0.6036324072028452,-4.7448498599029385
DUOL,"Duolingo, Inc.",6497823059.686066,964271000.0,694213000.0,120242000.0,7.690896085940639,0.1246973101959926,0,0.2890909917328856,0.7199355782762314,41.37883019288783,22.594733044011264,0.5883293230301236,0.4573958131002482,0.6222222222222222,0.5968025478281482,-49.17317991495584
CVLT,"Commvault Systems, Inc.",6666695797.729492,995619000.0,816584000.0,90656000.0,6.988463255250745,0.0910549115675775,0,0.1863241691659309,0.820177196296977,27.737908073350848,22.62039019163217,0.5486372403014883,0.562726906010488,0.7222222222222222,0.5920334857816718,-29.07010188941792
PEGA,Pegasystems Inc.,9215357892.941132,1732325000.0,1312053000.0,373321000.0,5.361136560946203,0.2155028646472226,0,0.1570586035079282,0.7573942533877881,37.25614681551508,22.94413726550621,0.6162801488862008,0.3357256944444443,0.5037037037037037,0.5881360375905764,12.880092856721292
PAYS,"Paysign, Inc.",288075781.47831726,74879428.0,44795388.0,13787816.0,3.866557360431723,0.1841335646954995,0,0.2825212395223997,0.598233576250075,46.66548042178992,19.478734137091912,0.5043461692315647,0.758555133079848,0.8333333333333334,0.5865929602570069,58.91239636894981
WK,Workiva Inc.,5305013565.286713,845522000.0,655570000.0,-17121000.0,5.710060253058717,-0.0202490295935528,0,0.1446390859370769,0.7753435156033788,12.439005634352416,22.39191816627332,0.6882042640343556,0.1609470026064292,0.2703703703703703,0.5837457906183594,-9.218178493531939
PCTY,Paylocity Holding Corporation,9851588675.170898,1595221000.0,1096998000.0,403660000.0,6.2886369193803855,0.2530433087327712,0,0.1374003130091301,0.6876777575019386,39.04436217419013,23.010898566045974,0.6052237043497918,0.3315813730196831,0.4962962962962963,0.5779918523364179,-30.470653335326997
VERI,"Veritone, Inc.",581941889.0821218,98027000.0,66508000.0,-52176000.0,5.113498210514673,-0.5322615197853653,0,0.058184094908082,0.6784661368806554,-47.40774248772832,20.181881155491123,0.4685577617754116,1.051282051282051,0.8925925925925926,0.5745664694797068,107.6045551544644
FRSH,Freshworks Inc.,2693731100.240815,810640000.0,687206000.0,-14644000.0,3.7932967781516025,-0.0180647389716767,0,0.1252325032619861,0.8477326556794631,10.71677642903094,21.714193096011048,0.5486056205746377,0.4802064257028113,0.6407407407407407,0.5716394006161635,-23.85321395236575
APPF,"AppFolio, Inc.",5418347615.566895,906294000.0,575304000.0,156840000.0,6.01923284890653,0.1730564253983806,0,0.1411378969078396,0.6347873868744579,31.41943223062202,22.413056738124247,0.5901552613407988,0.3416233134542993,0.5111111111111111,0.5703942237833768,-11.80289244748306
IIIV,"i3 Verticals, Inc.",716611215.5427933,213158000.0,146571000.0,43023000.0,3.652183898998833,0.2018361966241004,0,0.1146565428380188,0.6876166974732358,31.649273946211927,20.39004401515861,0.5495558344997269,0.4626142979452056,0.6259259259259259,0.5686483573562766,-4.8472450659492035
ZETA,Zeta Global Holdings Corp.,3901020776.819994,1224703000.0,745058000.0,62234000.0,3.339030586860646,0.0508155854929725,0,0.2176963750579168,0.6083581080474205,26.85119605508893,22.084504093737184,0.503411904793486,0.6123190217391306,0.7592592592592593,0.5673737434099293,-30.06461424543699
CGNX,Cognex Corporation,6149797236.649105,971705000.0,657348000.0,189455000.0,6.500707762797459,0.1949717249576774,0,0.0625358796739254,0.6764892637168688,25.750760463160287,22.53968494873338,0.6110351663152251,0.284160254709472,0.4333333333333333,0.5666097080697522,-1.9873240917649253
HUBS,"HubSpot, Inc.",19300595122.41721,2987699000.0,2513576000.0,148733000.0,6.574628208001276,0.0497817885938309,0,0.1370694980063123,0.8413083111786027,18.68512866001432,23.683401767792063,0.5041972353816067,0.5613749099927993,0.7185185185185186,0.5577775561658347,-50.492475688684294
MQ,"Marqeta, Inc.",1198673019.8113918,588561000.0,415500000.0,-51039000.0,3.27968047460058,-0.0867182840861015,0,0.1608812710184519,0.705959110440549,7.416298693235046,20.90448096588424,0.5863286689115597,0.3041814345991561,0.4666666666666667,0.5564131683503364,22.480617862690117
PD,"PagerDuty, Inc.",1804041867.7743075,467499000.0,387834000.0,-14521000.0,3.608242729448207,-0.0310610290075486,0,0.0854425016078515,0.8295932183812158,5.4381472600302905,21.31329546717246,0.5465011030663262,0.3877381938690969,0.5666666666666667,0.5515424939664113,-44.016697616849214
NTNX,"Nutanix, Inc.",20937416157.36389,2537927000.0,2203145000.0,292727000.0,7.968752512331478,0.1153409849849897,0,0.1810815816710225,0.8680884044340125,29.64225666560122,23.76480364214703,0.511465579336736,0.4900798735511063,0.6518518518518519,0.5465621474655149,-30.63879809551765
DT,"Dynatrace, Inc.",13194509670.678406,1698683000.0,1378491000.0,227537000.0,8.321850322089764,0.1339490652464291,0,0.1874501059048046,0.8115057370916174,32.139917115123374,23.303066646050453,0.5451151659964126,0.3777822272215972,0.5481481481481482,0.5458734115343465,-25.41945989773795
OKTA,"Okta, Inc.",16886307191.741943,2610000000.0,1992000000.0,139000000.0,6.261803521740208,0.0532567049808429,0,0.1533362792752983,0.7632183908045977,20.659298425614125,23.549768905183992,0.5763153265039184,0.2988910122770441,0.4518518518518518,0.5451994578409017,0.26709525712326376
PL,Planet Labs PBC,1734146228.1806831,244352000.0,139725000.0,-70485000.0,7.491574565302036,-0.2884568163960188,0,0.1071881683401603,0.5718185240963856,-18.126864805585846,21.273781042303167,0.6038013761202798,0.2114904246461283,0.3444444444444444,0.538962143201321,188.0095925455145
DOCU,"DocuSign, Inc.",19061404889.701843,2976739000.0,2355080000.0,357295000.0,6.5795492616926925,0.1200289981755202,0,0.0777936928514686,0.7911610658509194,19.782269102698884,23.6709314413072,0.551376212725685,0.314383460775984,0.4851851851851851,0.53482845584056,-15.918556324853613
AMBA,"Ambarella, Inc.",3080117985.705536,284865000.0,172330000.0,-100535000.0,11.301756922421273,-0.3529215593351236,0,0.2578265054708266,0.6049532234567251,-9.509505386429698,21.848233740570112,0.5165619082460011,0.3991001283697046,0.5814814814814815,0.5327918015548712,-1.364661220758908
BSY,"Bentley Systems, Incorporated",13563704263.509586,1460019000.0,1185477000.0,425426000.0,8.524456369067517,0.2913838792508864,0,0.0790217981738163,0.8119599813427085,37.04056774247027,23.33066325800172,0.5196234153021008,0.365891365556077,0.5370370370370371,0.5239768207358348,
PCOR,"Procore Technologies, Inc.",11515819486.526184,1275450000.0,1017196000.0,-9500000.0,9.254201643754111,-0.0074483515621937,0,0.1074421641596654,0.7975193069112863,9.999381259747176,23.16698753464523,0.6145740283977833,0.1386253951527924,0.2518518518518518,0.5238934842613004,-11.432574559262736
PDFS,"PDF Solutions, Inc.",1184965226.9013958,206706000.0,147124000.0,13189000.0,5.549240113501281,0.0638055982893578,0,0.151790042626696,0.7117548595589872,21.559564091605385,20.89297926755985,0.5907346478265143,0.179813985532208,0.3074074074074074,0.5199028377217376,-8.91120200126171
PINS,"Pinterest, Inc.",15404750815.212368,4056550000.0,3244991000.0,305506000.0,4.026060030127169,0.0753117797142892,0,0.1125521986656667,0.79993861779098,18.7863978379956,23.45794179335057,0.5171588339914984,0.3602254651587012,0.5259259259259259,0.5193506069751053,-15.139317353412576
ATEN,"A10 Networks, Inc.",1407532186.9016266,284406000.0,226564000.0,69184000.0,4.44876404471645,0.2432578778225494,0,0.0867800807043286,0.7966217309058178,33.0037958526878,21.06510378656326,0.526009695457891,0.3133032879818593,0.4814814814814814,0.5148776419637886,-0.8200402620594219
SPSC,"SPS Commerce, Inc.",3024628349.0,729760000.0,499503000.0,163826000.0,4.314719015840824,0.224492983994738,0,0.1442459213033013,0.6844757180442885,36.87389052980394,21.83005406137724,0.5865772271673809,0.1736526946107784,0.2888888888888888,0.5121551425977579,-57.19704776693945
CHYM,"Chime Financial, Inc.",7406912288.514467,2065624000.0,1812641000.0,-984052000.0,3.7345496026936496,-0.4763945422787496,0,0.2344841146283114,0.8775270814049411,-24.19104276504382,22.725679494340618,0.4893269959398794,0.3949653794940079,0.5777777777777777,0.511439691399354,-39.28860060336154
ASAN,"Asana, Inc.",5048193982.835903,723876000.0,646683000.0,-229545000.0,6.865584689692576,-0.3171054158447027,0,0.1093817049397398,0.893361570213683,-20.77237109049629,22.34229638930672,0.6034591623966874,0.1082681912681912,0.2185185185185185,0.5072240014271452,-8.843964783813538
SEZL,Sezzle Inc.,2214844976.2615967,418633060.0,296012237.0,150126175.0,5.257171940174999,0.3586104140939084,0,0.5440427762706375,0.707092356728826,90.2653190364546,21.518448250301976,0.408433283873747,0.6837368094351335,0.7962962962962963,0.5053990369793844,4.9084301860709045
HQY,"HealthEquity, Inc.",10367877961.547852,1199774000.0,777259000.0,339119000.0,7.964254069139565,0.2826523995352458,0,0.2002697113908043,0.6478378427937261,48.29221109260501,23.061978205899464,0.5506873961980985,0.2199242700729927,0.3555555555555555,0.5019044360374627,-4.233010301312197
TENB,"Tenable Holdings, Inc.",3442967707.7232857,974603000.0,759517000.0,51098000.0,3.2829980081359134,0.052429553366858,0,0.0828669553265979,0.7793091135570073,13.529650869345591,21.95959964243897,0.4673061829586754,0.413455427079448,0.5962962962962963,0.4995537112930806,-37.257196926852
AGYS,"Agilysys, Inc.",2006185344.149208,275624000.0,171988000.0,35163000.0,7.37332142392973,0.1275759730647548,0,0.1606980426506754,0.6239950076916378,28.827401571543028,21.419500917606403,0.5969284018841275,0.1048851708625996,0.2074074074074074,0.4995481532649475,-5.185573433721947
INTZ,Intrusion Inc.,27413143.31899202,7290000.0,5534000.0,-6249000.0,3.888222677502336,-0.857201646090535,0,0.2632126147981286,0.7591220850480109,-59.39890312924064,17.126533176000844,0.3372480674613185,3.964539007092199,0.9814814814814816,0.4983064209663592,151.78570725327856
PATH,UiPath Inc.,7069558204.363583,1429664000.0,1182722000.0,-145337000.0,5.505445478352664,-0.1016581518454685,0,0.0929551278522895,0.8272727018376346,-0.8703023993178967,22.67906382626924,0.6379465447646492,-0.0668458950201884,0.0222222222222222,0.4840154641290424,-3.0658856449308134
MORN,"Morningstar, Inc.",9529218167.433838,2395400000.0,1459500000.0,741500000.0,3.740844187790698,0.3095516406445687,0,0.0528767966243242,0.6092928112215079,36.24284372688929,22.97762851225804,0.4973384583049297,0.27752026437784,0.4222222222222222,0.4785593992842528,-38.044735377084024
CWAN,"Clearwater Analytics Holdings, Inc.",6959784661.75592,640376000.0,438830000.0,60884000.0,9.584495143097056,0.0950753932064912,0,0.4173788133323595,0.6852692792984122,51.24542065388506,22.663414371554904,0.4663992208480446,0.3401619718309858,0.5074074074074074,0.4766512674878853,-28.97632744374514
YOU,"Clear Secure, Inc.",3302863823.2429886,866298000.0,550782000.0,194351000.0,3.76886339717163,0.2243465874329618,0,0.1243497627477649,0.6357881468039867,34.86963501807268,21.91805575460417,0.5447036433264562,0.1451805431214563,0.2592592592592592,0.4733425473096569,25.99090542053287
TRU,TransUnion,20622937881.469727,4441700000.0,2634300000.0,1402100000.0,3.645977414384071,0.3156674246347119,0,0.0616425259333619,0.5930837292027827,37.73099505680739,23.749669782712665,0.4876911278440492,0.2825278810408922,0.4259259259259259,0.4722498273645183,-16.761005920503408
INOD,Innodata Inc.,1831323775.765953,238467000.0,98536000.0,46686000.0,7.969680399241627,0.1957755161091471,0,0.3989534262969243,0.4132060201201843,59.47289424060714,21.328304917571888,0.3840006028718241,0.5716680637049456,0.7333333333333333,0.4713337854872014,30.63951319583658
IDAI,T Stamp Inc.,18391489.67489338,3727824.0,2431047.0,-10456526.0,5.48131823683022,-2.8049945490988843,0,0.2094104883679584,0.6521356694951264,-259.55840607309256,16.72739865228906,0.3113047969414744,1.7459954233409611,0.9407407407407408,0.4686637828912909,709.259205909425
BL,"BlackLine, Inc.",3994555978.166397,686706000.0,517357000.0,106735000.0,5.088417719033178,0.1554304170926131,0,0.0510763221374606,0.7533893689584772,20.65067392300737,22.108198265849108,0.5628670619558932,0.0397841334695267,0.1666666666666666,0.4638169631335866,-7.496060348871186
EVLV,"Evolv Technologies Holdings, Inc.",1152895025.3988676,136501000.0,73415000.0,-35663000.0,8.366231935288882,-0.2612654852345404,0,0.3142155682857555,0.5378348876565007,5.295008305121506,20.86554203020209,0.3929174553430973,0.5099388379204893,0.6703703703703704,0.4622806840999156,48.97494671426059
TTAN,"ServiceTitan, Inc.",8977875291.203712,771878000.0,500927000.0,-141038000.0,11.989287544409496,-0.1827205853774819,0,0.2564325024701266,0.6489717286928763,7.371191709264469,22.918029086833617,0.407087911951696,0.4567927338977602,0.6185185185185185,0.4599455635934016,-7.613863803372525
SEMR,"Semrush Holdings, Inc.",1450624110.116253,428627000.0,346614000.0,5701000.0,3.540281200475595,0.0133006086877401,0,0.1374998341361144,0.8086611436050459,15.080044282385456,21.095259722233635,0.5636667214753465,0.0135135135135135,0.1481481481481481,0.4597870781435468,-16.502116376780172
MGNI,"Magnite, Inc.",2208751372.659194,702565000.0,437671000.0,150655000.0,2.940164074013357,0.2144356749909261,0,0.051476420671386,0.6229615765089351,26.59120956623121,21.515693203515,0.3136873799533096,0.867673157162726,0.8703703703703703,0.4528581275575748,-17.969198224871064
CALX,"Calix, Inc.",3518431206.420128,933685000.0,524380000.0,11020000.0,3.85796730848212,0.0118026957699866,0,0.1228680557726953,0.5616241023471513,13.467075154268192,21.981281047501504,0.3895485700646592,0.4627414903403863,0.6296296296296297,0.4495688349559018,61.228122071221115
PAR,PAR Technology Corporation,1731379959.2211,440451000.0,193556000.0,-29465000.0,3.2273691266930937,-0.066897339318108,0,0.2584961512306347,0.4394495641966984,19.15988119125268,21.27218459235824,0.3271808189386965,0.6942698458023984,0.8,0.4453856142040224,-55.99396877106161
RDVT,"Red Violet, Inc.",732664847.3242226,86425000.0,72169000.0,22293000.0,8.96910439484203,0.2579461961238067,0,0.1494367527164877,0.8350477292450101,40.73829488402944,20.412198922442577,0.4613760240930642,0.2346791636625811,0.3851851851851852,0.4423283143660944,46.52026006989048
U,Unity Software Inc.,19429219597.599773,1803658000.0,1339621000.0,37506000.0,10.585970620594244,0.0207944078090192,0,-0.0052926918717995,0.7427245076394748,1.550171593721961,23.69004393476329,0.5736522840503415,-0.0023691169878976,0.0407407407407407,0.4404243982229413,69.40014682384455
DAVE,Dave Inc.,2509362352.081299,491301000.0,440646000.0,135846000.0,5.055874814179696,0.276502592097309,0,0.4155429934654082,0.896896200089151,69.20455855627172,21.643294515218724,0.3646148036722439,0.5035333954949207,0.662962962962963,0.4392018434949237,132.2694591078644
PAYC,"Paycom Software, Inc.",8744850479.471863,2001273000.0,1660041000.0,782189000.0,4.514801568537557,0.3908457266949586,0,0.062698067119796,0.8294925280059242,45.35437938147547,22.89173084755461,0.4325378286108532,0.2757504861448711,0.4185185185185185,0.4290330010877695,-28.480762210194698
OS,"OneStream, Inc.",1038326494.8306046,570677000.0,387530000.0,-132661000.0,2.934200072599044,-0.2324624962982562,0,0.1660581070560902,0.6790706476693471,-6.640438924216596,20.760876115421176,0.346674933090646,0.5175202156334231,0.674074074074074,0.428524718336503,-41.77652579506383
MANH,"Manhattan Associates, Inc.",10546281281.987152,1066804000.0,603218000.0,282829000.0,10.088191722178724,0.2651180535506053,0,0.023458486192764,0.5654440740754628,28.85765397433693,23.079039149706123,0.4252253091696416,0.2587804031354984,0.4,0.4189189818772312,-41.12022747181779
CURI,CuriosityStream Inc.,255723188.58413267,66595000.0,36292000.0,7722000.0,3.991909131077899,0.1159546512500938,0,0.3023624203074275,0.5449658382761469,41.83170715575213,19.359606126740328,0.3619004816364046,0.3888881578947369,0.5703703703703704,0.414017953819896,166.56733007592754
UPWK,Upwork Inc.,2688083781.780941,780858000.0,607136000.0,132782000.0,3.3012670444318184,0.1700462824226684,0,0.0149910635947096,0.7775242105478845,18.50373460173781,21.712094428310905,0.4592749342934242,0.1606690319310693,0.2666666666666666,0.4111228673867348,13.065895012103192
IDN,"Intellicheck, Inc.",117037179.97689009,21968000.0,19844000.0,732000.0,5.656417515335492,0.0333211944646758,0,0.0985647847177075,0.9033139111434816,13.188597918238337,18.57800222840598,0.4622503304551371,0.138211382113821,0.2481481481481481,0.4087247848783898,114.28572615323984
BILL,"BILL Holdings, Inc.",5499852596.776993,1462570000.0,1190467000.0,138416000.0,3.2582075365808083,0.0946388890788133,0,0.1336240439259262,0.8139555713572684,22.82629330047395,22.42798712842152,0.4379446101046808,0.1758817619783616,0.2962962962962963,0.4025325316525846,-44.079516328025726
CART,Maplebear Inc.,9536154645.264542,3633000000.0,2705000000.0,648000000.0,3.0798664038713297,0.1783649876135425,0,0.0754884547069272,0.7445637214423342,25.38534423204697,22.9783561642378,0.4317199172966979,0.1830849366494603,0.3111111111111111,0.4015677157503012,-6.514589187897895
VRAR,"The Glimpse Group, Inc.",21934513.46120143,10527925.0,7119979.0,-2131787.0,2.7199555906032225,-0.2024888095232441,0,0.1957845341751134,0.6762946164605086,-0.670427534813065,16.903571956992188,0.2226709396723204,1.4485981308411215,0.9333333333333332,0.4003365380875736,47.38292510857117
QLYS,"Qualys, Inc.",5176905647.129395,653034000.0,538396000.0,227986000.0,8.188776766798352,0.3491181163614758,0,0.0748274687238199,0.8244532443946258,42.39455850852958,22.367473349498123,0.5232799666564737,-0.0440660497552471,0.0296296296296296,0.3998673823997627,-6.118980703324005
QTWO,"Q2 Holdings, Inc.",4645138042.4305725,769632000.0,410742000.0,98096000.0,5.948878220280046,0.127458317741466,0,0.1050563991821544,0.5336862292628165,23.251471692362045,22.25908692748549,0.396862759690281,0.2252702813438952,0.374074074074074,0.3911655882862292,-33.539073760879525
SDGR,"Schr√∂dinger, Inc.",1083553032.6370049,256951000.0,149451000.0,-164102000.0,4.453140998233145,-0.6386509490136252,0,0.2380853719060032,0.5816322956517002,-40.0565577107622,20.803511324339063,0.2920843332219648,0.5345107102593012,0.6851851851851852,0.3903595462127699,-20.197930110557582
DOCN,"DigitalOcean Holdings, Inc.",5555512340.537628,863962000.0,514401000.0,341113000.0,4.859674777985176,0.394824077910834,0,0.1067709434228141,0.5953977142513213,50.15950213336482,22.438056486484857,0.4266232829361998,0.1621993898452821,0.2740740740740741,0.3884859807206683,14.86858201069013
IPM,Intelligent Protection Management Corp.,10749164.663268924,11633347.0,5361748.0,-2266313.0,1.4370534690720498,-0.1948117768686862,0,9.592332556360857,0.4608947021007797,939.7520779492168,16.19033869680675,0.191842156212203,2.532608695652174,0.9666666666666668,0.3855482838258189,-3.6649180348741477
MKTX,MarketAxess Holdings Inc.,5530234792.244568,839263000.0,499489000.0,455436000.0,7.07366080983502,0.5426618354437167,0,0.0271277461549852,0.5951519368779512,56.9789581598702,22.43349610967058,0.3811689164310444,0.2579049527268173,0.3962962962962963,0.3849507613973574,-34.676548981221764
BNAI,"Brand Engagement Network, Inc.",18942769.88438737,120120.0,120120.0,-25618182.0,124.3488918114167,-213.27157842157845,0,0.2037278284397234,1.0,-21306.785059313872,16.756932933035813,0.1816327173205157,5.044122091266243,0.9925925925925926,0.3843726861385349,-55.866666634877525
AITX,Artificial Intelligence Technology Solutions Inc.,70384814.89881209,6130886.0,3744564.0,-11997975.0,6.11206600462186,-1.95697245063764,0,1.7522889404949544,0.6107704498175305,-20.468351014268563,18.069488114609783,0.4665107886759035,0.0,0.0907407407407407,0.3725682766921128,-69.81132063038591
LIF,"Life360, Inc.",5735782597.174667,459031000.0,356691000.0,28511000.0,12.813092355798776,0.0621112735305458,0,0.2356682925778768,0.7770520945208493,29.77795661084226,22.469990038230943,0.3212654431356967,0.3476406291655558,0.5185185185185185,0.3705787119814021,45.10637434427974
GEN,Gen Digital Inc.,23472344541.549683,3935000000.0,3159000000.0,2026000000.0,4.10758438158823,0.514866581956798,0,0.0355263157894736,0.8027954256670902,55.03928977462717,23.87908873711412,0.367925068620861,0.2081647664582567,0.3407407407407407,0.3611289866508309,-12.713597072890506
RELY,"Remitly Global, Inc.",2340996429.329164,1544865000.0,918561000.0,67605000.0,1.8010644485629252,0.0437611053393014,0,0.2222391003534123,0.5945898185278325,26.60002056927137,21.57384250060531,0.2240112681903628,0.6153268219383922,0.762962962962963,0.3587491918835128,-36.55862387975085
DKNG,DraftKings Inc.,17876355771.629715,5458104000.0,2141019000.0,-1848000.0,3.1509182990338247,-0.0003385791109879,0,0.1448088480417912,0.3922642368119039,14.447026893080338,23.60674477007006,0.3145719032732417,0.2884141823444285,0.4444444444444444,0.3470400385660424,-22.82778895735046
CSAI,Cloudastructure Inc.,14674864.037559032,3718296.0,1672000.0,-7512000.0,5.668689108548387,-2.020280257408232,0,1.726023460410557,0.4496683427032167,-29.42567969976747,16.501646726876963,0.1322936560478377,4.555555555555555,0.9888888888888888,0.3464424642581005,-96.79999987284343
GTLB,GitLab Inc.,11699053230.155945,759249000.0,674109000.0,-131729000.0,15.708035480001875,-0.1734990760606863,0,0.3092621907688486,0.8878628750251893,13.576311470816233,23.182773755061863,0.2485376405586772,0.4754113137721386,0.6370370370370371,0.3456624896782672,-43.16405766428645
MNTN,"MNTN, Inc.",425920323.4185028,272807000.0,206104000.0,-466000.0,2.21802345034586,-0.0017081673124223,0,0.2094063509937005,0.7554938106426888,20.769818368127822,19.86976285485955,0.158187526033886,0.9939897660818714,0.8851851851851852,0.3399369408217108,-48.10318669035368
LRN,"Stride, Inc.",6085594484.684326,2405317000.0,943919000.0,508392000.0,2.6268186208654933,0.2113617456659559,0,0.179037081588907,0.3924301869566464,39.03988272548629,22.52919025552173,0.1614478928290072,0.8869465773566411,0.8740740740740741,0.3396044381402739,-44.75133263051178
FDS,FactSet Research Systems Inc.,15052601812.289429,2321748000.0,1223966000.0,965955000.0,5.957469894359521,0.4160464443169543,0,0.0538760703313943,0.5271743531167035,46.99225146483487,23.434816691159053,0.341138765878451,0.2034300555257031,0.3333333333333333,0.3391874077421715,-41.60069186474749
CPAY,"Corpay, Inc.",27097166438.61621,4314608000.0,3376706000.0,2284448000.0,4.86248633447493,0.5294682622384235,0,0.0855482164319378,0.7826217352769939,61.50164786703614,24.022694999941592,0.3523059642336965,0.1712627963586649,0.2814814814814815,0.3345998435456427,-19.167111954599054
OUST,"Ouster, Inc.",1361097627.888384,137298000.0,59167000.0,-78262000.0,10.43223228225017,-0.5700155865343997,0,0.2357944572956138,0.4309385424405308,-33.42211292387857,21.031557291245377,0.1755246870986672,0.6547968160871386,0.7814814814814814,0.3270138856943707,168.2022681162231
TLS,Telos Corporation,364783880.7105131,144400000.0,55278000.0,-18430000.0,2.8756016669703124,-0.1276315789473684,0,0.3336781439337963,0.3828116343490305,20.60465649864279,19.71481563128073,0.2024091146785358,0.5452930728241562,0.7,0.3268068360089018,65.10263849654507
SSNC,"SS&C Technologies Holdings, Inc.",27528311154.828773,6148400000.0,2985700000.0,2130500000.0,3.433545500427554,0.346512913928827,0,0.0452907174430465,0.4856060113200182,39.18036313718736,24.03848080862636,0.3328350242756541,0.1700638076522943,0.2777777777777778,0.319070712651185,13.852151556281969
ASUR,"Asure Software, Inc.",280811032.9380293,132022000.0,88589000.0,15278000.0,1.705511452167285,0.1157231370529154,0,0.1020936289568585,0.6710169517201678,21.7816766009774,19.453192523995018,0.1684392913060354,0.630360049321825,0.7703703703703704,0.3189220610721192,-13.906586082874906
INUV,"Inuvo, Inc.",44042851.55715847,98139861.0,76506047.0,-1634865.0,0.4405192968141505,-0.0166585216581873,0,0.1712058875340734,0.7795613955475238,15.45473658758861,17.60067363968205,0.0964259403679451,2.6739864864864864,0.9703703703703704,0.3149120478685514,2.0689634760835753
GMGI,"Golden Matrix Group, Inc.",121577995.9821272,179142103.0,101750889.0,15492753.0,0.6567476099246596,0.0864830363189383,0,0.1854645292186114,0.5679898097433856,27.19475655375497,18.616066565253,0.0957177862902284,2.4013565426170467,0.9629629629629628,0.312529080458412,-63.303964260319475
FROG,JFrog Ltd.,7336810368.357269,502612000.0,382817000.0,-69191000.0,14.731079577004268,-0.1376628492753853,0,0.172989675323463,0.7616551136861038,3.532682604807769,22.71617003054315,0.344577848235411,0.1061396612336208,0.2111111111111111,0.311211163954336,95.25742065756813
GWRE,"Guidewire Software, Inc.",19140262263.146545,1202459000.0,752053000.0,86364000.0,15.90280522092358,0.0718228230650691,0,0.226377031240279,0.6254292246138954,29.819985430534818,23.67505992528834,0.2840707707080582,0.2349904987022617,0.3888888888888889,0.3102753002532659,4.171494589288672
WEAV,"Weave Communications, Inc.",491138879.5446696,229790000.0,165282000.0,-16172000.0,2.186717783822924,-0.0703773010139692,0,0.1246904274792721,0.7192741198485574,5.431312646530297,20.01223749819672,0.1540354998038963,0.6174953416149067,0.7666666666666667,0.3071932915195889,-54.39093406929254
TWLO,Twilio Inc.,19784633501.86304,4896125000.0,2416081000.0,312404000.0,3.9673483626057418,0.0638063774924047,0,0.0982695070205803,0.4934679976512037,16.207588451298506,23.70817138762249,0.345027498475169,0.0774042304089914,0.1888888888888888,0.3059928460785989,16.525692290376913
INLX,"Intellinetics, Inc.",36739864.5,16539674.0,10980110.0,-279622.0,2.3018921352379738,-0.0169061373277369,0,-0.0820661776732005,0.6638649588861304,-9.897231500093747,17.419372976884453,0.1353025460208006,0.7058823529411765,0.8148148148148148,0.3051806132193041,-41.419711468501994
MSAI,"MultiSensor AI Holdings, Inc.",24057175.849698067,5563000.0,3095000.0,-11547000.0,4.510727278392606,-2.0756785906884776,0,-0.2484463658470683,0.5563544849901132,-232.4124956535546,16.99594392370839,0.0833359092247688,1.5012506253126563,0.937037037037037,0.2967611911778358,-63.414632373448974
DAY,Dayforce Inc,11657715699.106026,1893300000.0,942300000.0,144200000.0,5.840815348389598,0.0761633127343791,0,0.0757386363636363,0.4977024243384567,15.19019490980154,23.17923408959425,0.3462247323748755,0.0118186685962373,0.1444444444444444,0.2957796603922677,-14.384835512388383
RSSS,"Research Solutions, Inc.",80990264.19295979,49057981.0,24195951.0,3544046.0,1.9001510924992977,0.072241986477185,0,0.0993656336484627,0.4932113084719079,17.160762012564774,18.20983952261121,0.1090948523913772,0.8079084745762711,0.8555555555555555,0.2957100281824217,-18.055552060221356
API,"Agora, Inc.",263321658.9699784,137355000.0,91784000.0,13403000.0,1.942708011866902,0.0975792654071566,0,0.0307603409977788,0.668224673291835,12.83396064049354,19.38888688454673,0.1346656681739313,0.6445623342175066,0.7777777777777778,0.2954436955748929,-31.702898660268986
OOMA,"Ooma, Inc.",388939996.88720703,256852000.0,156018000.0,6195000.0,1.5217479205425966,0.0241189478765981,0,0.0849677067800978,0.6074237303972716,10.90866546566959,19.77893564260883,0.1358818853439034,0.639524647887324,0.774074074074074,0.295429932526446,-26.08978697943544
UDMY,"Udemy, Inc.",540125682.5889325,795801000.0,517565000.0,28805000.0,0.9601479296820844,0.0361962349883953,0,0.0117421954956042,0.6503698789018862,4.793843048399959,20.10731241782804,0.1036926348389808,0.8531283524904215,0.8666666666666667,0.2944361427959022,-38.87588040387996
AKAM,"Akamai Technologies, Inc.",16958964074.506744,4133202000.0,2443834000.0,1381719000.0,3.061990455464491,0.3342974768714425,0,0.0355870762643917,0.5912689483843276,36.98845531358342,23.55406238499107,0.3229519398399486,0.0923145390474024,0.2037037037037037,0.2931398808058874,-10.508648535458988
AREN,"The Arena Group Holdings, Inc.",303567415.67871046,142815000.0,75105000.0,52141000.0,1.4224935453468506,0.3650947029373665,0,0.1342895947008506,0.5258901375905892,49.93842976382172,19.53111427453355,0.0810674016245124,1.336448598130841,0.9185185185185184,0.2904301808480139,207.91368732775223
ISSC,"Innovative Aerosystems, Inc.",196377514.9778385,77434581.0,34988160.0,19657693.0,2.243451965961287,0.253861940571487,0,0.6406319799008517,0.45184153576036,89.44939204723387,19.09554946656665,0.1163562184827773,0.6954314720812182,0.8037037037037037,0.2881930897880089,24.841578557049637
SLQT,"SelectQuote, Inc.",794817837.1773052,1526594000.0,591127000.0,148356000.0,0.2694258179825842,0.0971810448619606,0,0.1549566643667308,0.3872195226759701,25.213770922869145,20.493623511995143,0.0624748662985128,2.0612244897959187,0.9592592592592591,0.2866709645386994,-50.6711402952518
MCHX,"Marchex, Inc.",55235800.16431832,46493000.0,29608000.0,-2185000.0,1.3927860143315838,-0.0469963220269718,0,-0.033851460870288,0.6368270492332179,-8.084778289725982,17.82712187283288,0.0722731551363691,1.4242424242424243,0.9222222222222224,0.2847604219078324,-12.698413299114591
PRCH,"Porch Group, Inc.",1205597328.7951777,442483000.0,317568000.0,119327000.0,2.2670595905270425,0.2696758971531109,0,0.0105858654144816,0.717695369087626,28.026176256759264,20.91024099043932,0.086648097611105,0.9038865546218487,0.8777777777777778,0.2844305176527731,84.49613835818678
SMWB,Similarweb Ltd.,656479772.0741129,275429000.0,217263000.0,-13241000.0,2.468501036833859,-0.0480740953203911,0,0.1020995306366616,0.7888167186461846,5.402543531627056,20.30240244098741,0.1279302614691701,0.6021573604060914,0.7444444444444445,0.2820588072129887,-39.66309447735692
FIG,"Figma, Inc.",15263284048.990856,929210000.0,758427000.0,-1977688000.0,16.726609753436637,-2.128354193347037,0,0.2405825815642226,0.8162062397090001,-188.77716117828143,23.44871604607056,0.1019764253242513,0.7460529836767462,0.8222222222222222,0.282037874548744,-67.64502256979674
ROLR,"High Roller Technologies, Inc.",11906967.86051929,28044000.0,16524000.0,-5321000.0,0.4908703416245646,-0.1897375552702895,0,0.0058102001291155,0.5892169448010269,-18.39273551411739,16.292634405205174,0.0494882332973531,3.9382716049382713,0.9777777777777776,0.2815606194174592,-69.83240150293393
SPAI,Safe Pro Group Inc.,99797563.50023364,1266756.0,590562.0,-11708404.0,84.60462196368807,-9.242824979711957,0,-0.4160202620531833,0.4662002785066737,-965.884524176514,18.41865433717864,0.0628523133172022,1.446183953033268,0.9296296296296296,0.279546642395309,12.307690534164491
NOTE,"FiscalNote Holdings, Inc.",158441161.7167678,102673000.0,64377000.0,-20635000.0,0.2940223984569243,-0.2009778617552813,0,-0.146284070310811,0.6270100221090258,-34.72619320660923,18.88089386922153,0.0389989065065956,8.577383084577116,1.0,0.2792491798799467,-82.55208410943546
PGY,Pagaya Technologies Ltd.,2230243365.5701065,1215974000.0,498648000.0,217108000.0,1.353760331693035,0.1785465807657071,0,0.21046637798019,0.4100811366032497,38.901295874589714,21.525376549454947,0.0980196425346218,0.7128463476070528,0.8185185185185185,0.2781443615305959,130.36749848463552
SEIC,SEI Investments Company,9151087210.0,2246646000.0,1213030000.0,965909000.0,4.414399157677711,0.4299337768388967,0,0.0571700552101945,0.5399292990528993,48.71038320490913,22.93713853004952,0.2729210301512101,0.1748971604938271,0.2925925925925925,0.2778389207615557,-1.1924474358210733
DDI,"DoubleDown Interactive Co., Ltd.",145461458.6128235,346122000.0,245834000.0,161611000.0,1.3085514893962924,0.4669191787866706,0,0.0140391996015585,0.7102524543369101,48.09583783882292,18.795421727102195,0.0722209939015532,1.0350109409190371,0.8888888888888888,0.2763879676483871,-31.535579908975897
AATC,Autoscope Technologies Corporation,34801283.399311066,10290000.0,9999000.0,3382000.0,3.295459999933048,0.3286686103012634,0,-0.216477575572984,0.9717201166180758,11.219103472827928,17.365164852089798,0.3368379539540838,0.0,0.0907407407407407,0.275313650650748,-6.0891295106819925
PI,"Impinj, Inc.",5179123071.234131,359795000.0,187844000.0,4963000.0,13.73926005429239,0.0137939660084214,0,-0.0171871713554427,0.5220861879681485,-0.3393205347021386,22.36790158781196,0.1546762119382448,0.4685778413935923,0.6333333333333333,0.2743404922870169,-13.388903360250065
EGAN,eGain Corporation,110028750.0,88431000.0,62008000.0,5837000.0,1.9141336183012745,0.0660062647714037,0,-0.0471105459952803,0.7012020671483982,1.88957187761234,18.516252262332063,0.1000951262863638,0.6794625719769674,0.7925925925925926,0.273219492862921,87.07360422191778
PSQH,"PSQ Holdings, Inc.",84252550.49355757,25445555.0,15025637.0,-34366171.0,2.4010409870626743,-1.3505765938294527,0,0.0968179223682785,0.5905014451443484,-125.3758671461174,18.249329411528173,0.0485305677630493,1.8169014084507045,0.9444444444444444,0.272509036933398,-70.10526406137568
EXTR,"Extreme Networks, Inc.",2362245900.756836,1140067000.0,709127000.0,39419000.0,2.079306655448176,0.0345760380749552,0,0.0204653943822206,0.6220046716552624,5.504143245717581,21.58287865673582,0.1710664939765301,0.3928776565192418,0.5740740740740741,0.2718183890009161,-3.3314845854778645
FLYW,Flywire Corporation,1338868864.4634438,583031000.0,334479000.0,33037000.0,2.8772704443905104,0.0566642254013937,0,0.1846756233947788,0.57368990671165,24.13398487961725,21.015090964179507,0.2544333934675146,0.1893125448028675,0.3222222222222222,0.2713806006561915,-36.73469255355498
RBRK,,14050309066.265488,886544000.0,620796000.0,-1078331000.0,15.683611942853922,-1.2163310563265894,0,0.4119370847215764,0.7002427403490408,-80.4393971605013,23.365910230154363,0.1105967294382245,0.6037503150819213,0.7481481481481481,0.2699845841157054,35.708865662555006
VERX,"Vertex, Inc.",1568292602.067358,732189000.0,472631000.0,88928000.0,2.090204307996102,0.1214549795203151,0,0.0981034110405894,0.6455040979856294,21.955839056090447,21.173253350564394,0.1635258298570191,0.4083488372093023,0.5888888888888889,0.2698665946149865,-64.92907774555727
GDYN,"Grid Dynamics Holdings, Inc.",479896338.0796299,405955000.0,143259000.0,23133000.0,1.9824890396217063,0.0569841484893645,0,0.1579822632220007,0.3528937936470791,21.49664117113652,19.989080678292662,0.2213468323418846,0.2644889357218124,0.4074074074074074,0.2678619761082653,-49.14255172175525
KLTR,"Kaltura, Inc.",231866769.3561037,180921000.0,126963000.0,-6648000.0,1.2469849788366396,-0.0367453197804566,0,0.0123323466709936,0.7017593314208964,-2.44129731094629,19.261673498970428,0.0614930952443456,0.9392012578616352,0.8814814814814815,0.2664901918036296,-29.95594507760157
GAIA,"Gaia, Inc.",61025428.07797098,97889000.0,85390000.0,12642000.0,0.6582295056438515,0.1291462779270398,0,0.0832863008089594,0.872314560369398,21.24325787359993,17.926801205402043,0.0489030952250091,1.3246951219512195,0.9148148148148147,0.2653810251224605,-46.141216925980466
GOAI,"Eva Live, Inc.",127583498.22806644,15656703.0,9712983.0,8498246.0,8.107470661483866,0.5427864346663535,0,0.6779285885681137,0.6203721818060929,122.07150232344672,18.66428160411841,0.3226222231972011,0.0,0.0907407407407407,0.264651852583086,-55.55555555555556
RDZN,"Roadzen, Inc.",96283231.6060238,44296098.0,25462880.0,-67808843.0,1.7442308937916786,-1.5308084924319971,0,-0.0519684548637414,0.5748334763030369,-158.27769472957385,18.382804745367697,0.03304569745316,1.9761904761904765,0.9518518518518518,0.2627472360528329,28.244276406860774
THRY,"Thryv Holdings, Inc.",522884809.8281426,779992000.0,525400000.0,110116000.0,0.341355821377838,0.1411758069313531,0,-0.0535869422779182,0.6735966522733566,8.758886465343483,20.07487175078875,0.0461334568245917,1.127659574468085,0.9037037037037036,0.2605260185443697,-62.02610269999481
DLPN,"Dolphin Entertainment, Inc.",41462042.01097894,53371115.0,51164181.0,-1300969.0,0.3747719344251837,-0.0243759007095879,0,0.032623227667053,0.9586492806080592,0.8247326957465155,17.54028894043366,0.0286415316164148,2.0303030303030303,0.9555555555555556,0.2603700376012,26.92307974459867
FIGR,"Figure Technology Solutions, Inc.",5940837302.65564,377838000.0,350152000.0,165106000.0,16.489702736769832,0.4369756350605286,0,0.3546319235057704,0.9267252102753032,79.1607558566299,22.5051159205984,0.1443292469569251,0.4308931599773882,0.6074074074074074,0.2600987870695457,13.725491398231826
SNCR,"Synchronoss Technologies, Inc.",199503402.39486885,170909000.0,135169000.0,32563000.0,0.3568530761684221,0.1905282928341983,0,-0.0154671244397848,0.790882867490887,17.50611683944135,19.11134185377208,0.0213152386458045,2.962264150943396,0.974074074074074,0.2595049475028719,-46.24746069696185
SVCO,"Silvaco Group, Inc.",132019227.0607314,62671000.0,49596000.0,-31478000.0,2.253757352854293,-0.5022737789408179,0,0.0501172922252011,0.7913708094653029,-45.21564867156168,18.69845813706897,0.0462517368639734,1.0607375271149673,0.8962962962962963,0.2587628767220541,-45.764704311595246
ODD,Oddity Tech Ltd.,2051566355.992192,780758000.0,570973000.0,131806000.0,2.60800703417985,0.1688179948204181,0,0.206661102868447,0.7313059872585359,37.54790976888651,21.44186941492038,0.1251605557058027,0.4977360829389227,0.6555555555555556,0.2577593056682409,-2.5263653653649456
GPN,Global Payments Inc.,32526462314.61465,8891868000.0,5962906000.0,4184242000.0,2.128914567176959,0.4705695136275077,0,-0.1201304901872115,0.6706021726818256,35.04390234402962,24.205319820076507,0.1937139278615911,0.2973531765882943,0.4481481481481481,0.2573224829332303,-30.815957146032325
APPS,"Digital Turbine, Inc.",666363189.2720447,490506000.0,220678000.0,28835000.0,0.5876771930864142,0.0587862329920531,0,-0.0991327536998468,0.4498986760610471,-4.0346520707793765,20.3173454106047,0.0575872372088457,0.7820773930753564,0.8518518518518519,0.2561533908695972,231.75674217125223
ZSPC,"zSpace, Inc.",27580179.35547444,31546000.0,14351000.0,-20018000.0,0.4079496403814887,-0.6345653965637482,0,-0.1719775316289569,0.454922969631649,-80.65429281927051,17.13260796966535,0.0113309481557722,4.191873589164785,0.9851851851851852,0.2547945074131254,-97.98636368729852
ACIW,"ACI Worldwide, Inc.",5553708511.239777,1731220000.0,859817000.0,484636000.0,2.8034469976315988,0.2799390025531128,0,0.0858891241732986,0.4966538048312751,36.58281267264115,22.437731741961827,0.1578758947788199,0.3721325403568393,0.5444444444444444,0.254518032195226,-16.56919798609944
SMSI,"Smith Micro Software, Inc.",16518897.145528257,18358000.0,13582000.0,-13862000.0,0.8467097257614259,-0.7550931474016778,0,-0.1068839698370226,0.7398409412790065,-86.19771172387004,16.620015625620105,0.0067831236133367,6.392804337111878,0.9962962962962963,0.2541614167840766,-16.438356388082727
PRTH,"Priority Technology Holdings, Inc.",1423788680.2173386,932948000.0,358380000.0,195705000.0,0.5072283559398151,0.2097705338346831,0,0.0605273149316472,0.3841371652010615,27.02978487663303,21.076587240902587,0.0583417007167177,0.764705882352941,0.8407407407407408,0.2539414607227235,-38.70625638648262
SPIR,"Spire Global, Inc.",352256763.26662445,99502000.0,39446000.0,-52649000.0,2.7659118737977573,-0.5291250427127093,0,-0.0991299309195933,0.3964342425277883,-62.82549736323027,19.67987091158672,0.0500952243215891,0.8133174791914387,0.8629629629629629,0.2533121589819325,-43.858477273647495
MAPS,"WM Technology, Inc.",59872004.18933046,179305000.0,170376000.0,26990000.0,0.5299629357203115,0.1505256406681353,0,-0.0282309201469806,0.9502021694877444,12.229472052115462,17.907719594729695,0.0205975887752553,1.9635517202225496,0.9481481481481482,0.2524852286184785,-35.220590213951745
FIVN,"Five9, Inc.",2204115323.074112,1127466000.0,622413000.0,112450000.0,1.418684308949549,0.0997369322001727,0,0.0820854983693848,0.5520459153535451,18.182243056955755,21.513592051765688,0.074510834076151,0.6649202933985332,0.7851851851851852,0.2521794218534096,-51.83702024520795
CXM,"Sprinklr, Inc.",2179429908.072529,796394000.0,574316000.0,42649000.0,2.8578755089472407,0.0535526385181204,0,0.0874351411873941,0.7211455636280535,14.098777970551456,21.50232916994805,0.1584051604183646,0.3605444015444015,0.5296296296296297,0.2512112777211809,-10.06944823872145
STUB,"StubHub Holdings, Inc.",3718515844.839835,1829430000.0,1463145000.0,-1225856000.0,1.8902695620164944,-0.6700753786698589,0,0.0331997661868979,0.7997818992801037,-63.68756124829609,22.0365904594512,0.0268217912847737,1.2432115027829314,0.9111111111111112,0.247894121241358,-51.00000121376731
INSE,"Inspired Entertainment, Inc.",575110095.0,307300000.0,214800000.0,89200000.0,0.7667103644646924,0.2902700943703221,0,0.034331874789633,0.6989912137975919,32.46019691599552,20.17007205173768,0.1014977333035089,0.5238091428571429,0.6814814814814815,0.246493670348002,-11.616158210529298
UPLD,"Upland Software, Inc.",265446598.6134119,235591000.0,172567000.0,7235000.0,0.2182876197028405,0.0307100016554112,0,-0.1426632313660414,0.7324855363744796,-11.195322971063025,19.396924247017058,0.0188411352328752,1.434455056179775,0.925925925925926,0.2456123329061378,-55.50000071525574
RPAY,Repay Holdings Corporation,626414232.0,308947000.0,233388000.0,-12745000.0,0.924253130795897,-0.0412530304550618,0,-0.0130813117728612,0.7554305431028623,-5.4334342227923,20.255522424285665,0.0238629161009522,1.2040828571428572,0.9074074074074074,0.244749038927566,-55.919395783666545
PRGS,Progress Software Corporation,3213147562.5702324,940126000.0,762533000.0,280059000.0,1.9798735090511617,0.2978951757530373,0,0.2478295321664594,0.8110965976900969,54.57247079194967,21.890516843062628,0.0792616078171051,0.575226602120793,0.737037037037037,0.243705465122088,-37.82427525395868
PDYN,Palladyne AI Corp.,243040849.53488111,4346000.0,2504000.0,-28703000.0,59.873182129517055,-6.604463874827427,0,-0.4418186488569227,0.5761619880349746,-704.6282523684349,19.308740096373096,0.0896594881604228,0.5463917525773195,0.7037037037037037,0.243170542046243,19.507193191509362
ATHR,"Aether Holdings, Inc.",72426790.5,1391735.0,959054.0,-2030758.0,56.51814066614693,-1.459155658225165,0,-0.0335817889918449,0.689106762422444,-149.27374472170098,18.09808683724749,0.0933242492258936,0.5384615384615384,0.6925925925925925,0.2431413350675683,13.043478260869565
HSTM,"HealthStream, Inc.",701374664.4639969,298590000.0,195121000.0,65426000.0,2.477064417642912,0.2191165142838005,0,0.0238096870863993,0.6534746642553334,24.29262013701998,20.36855277506363,0.1461449792227096,0.3638186923385479,0.5333333333333333,0.2429420677503655,-24.345208809654732
AI,"C3.ai, Inc.",2788423217.566088,389056000.0,235863000.0,-311817000.0,7.577279922597486,-0.8014707394308275,0,0.2526675724929326,0.6062443452870538,-54.88031669378948,21.7487421183838,0.3083567510166782,-0.0228734177215189,0.037037037037037,0.2405268225217678,-60.0691668849369
SPT,"Sprout Social, Inc.",521756896.513443,443750000.0,344781000.0,-31817000.0,1.2463592034105755,-0.0717002816901408,0,0.0932280221133852,0.7769712676056338,2.1527740423244417,20.072712323792885,0.0494918010503358,0.695803846153846,0.8074074074074075,0.2389707026396037,-67.5000011920929
PXLW,"Pixelworks, Inc.",32365394.989681244,33205000.0,16568000.0,-21973000.0,1.3096941722536135,-0.6617376901069116,0,-0.2314724806739805,0.4989609998494203,-89.32101707808921,17.292600385007592,0.0301687614342679,0.8089725036179449,0.8592592592592593,0.2374413858905157,-28.02083778298546
ALTS,ALT5 Sigma Corporation,218082632.13262272,22255000.0,10562000.0,-3091000.0,9.20748740205,-0.1388901370478544,0,0.7758538142355569,0.4745899797798247,63.69636771877025,19.20038459999873,0.2837684907783843,0.0,0.0907407407407407,0.2355115532689734,-40.794223935469645
EXFY,"Expensify, Inc.",75436043.38547587,143907000.0,73073000.0,-5475000.0,0.910039423971564,-0.0380454043236256,0,0.0335473584417822,0.5077793297059907,-0.4498045881843353,18.138795761000083,0.0367306417853939,0.748969135802469,0.825925925925926,0.2340294628205269,-52.071007398875956
SST,"System1, Inc.",239644886.4102125,289784000.0,123782000.0,26451000.0,0.1088323938181974,0.0912783314468707,0,-0.157420949334884,0.4271526378267951,-6.614261788801334,19.294668749773447,0.0106931707897008,1.0618556701030928,0.9,0.2330198780922756,-59.999998033661164
COUR,"Coursera, Inc.",593403942.8710938,739780000.0,402108000.0,-41551000.0,1.8804292395997373,-0.0561666982075752,0,0.0649311763503457,0.5435507853686231,0.8764478142770527,20.20138591202589,0.0893117507622983,0.4814138755980862,0.6444444444444445,0.2280949241828348,-0.23866894380115683
CNXC,Concentrix Corporation,6776701241.269463,9720870000.0,3429651000.0,1336698000.0,0.236518669755841,0.1375080625499569,0,0.0106010042728379,0.352813174129476,14.810906682279484,22.636756278060403,0.0269778934814756,0.7546709991876522,0.8296296296296296,0.2276408275185141,-16.35886439944906
NABL,"N-able, Inc.",1655748506.8104486,497665000.0,388323000.0,83407000.0,2.78933721843097,0.1675966764791576,0,0.0676138642960269,0.7802899540855797,23.52105407751845,21.227519014112257,0.1600717384217545,0.2835570469798657,0.4296296296296296,0.2274612112237233,-27.879962591593817
SEAT,Vivid Seats Inc.,341109137.8456917,643775000.0,460004000.0,-150026000.0,0.1257832905062975,-0.233041046949633,0,-0.1699502053930834,0.7145415712011184,-40.29912523427165,19.64771303930699,0.0197242771739578,0.7660039735099339,0.8444444444444444,0.2259043189915794,-88.76488015832811
CMPO,"CompoSecure, Inc.",2494340770.1464386,267818000.0,136691000.0,-146886000.0,9.331519054531206,-0.5484545474912067,0,-0.3632038347865164,0.5103876513154456,-91.16583822777233,21.63729031125626,0.1620989791184214,0.2729726858877087,0.4148148148148148,0.2252779380425197,48.029103761304256
ZBRA,Zebra Technologies Corporation,14445226974.756653,5255000000.0,2543000000.0,968000000.0,2.500138339630191,0.1842055185537583,0,0.0550090343304556,0.4839200761179829,23.9214552884214,23.39362988384304,0.1107470496632483,0.3822266908305701,0.562962962962963,0.2238010279881769,-37.04423100430049
PAYO,Payoneer Global Inc.,1613816464.095848,803388000.0,637869000.0,66109000.0,2.537800495023386,0.0822877613307642,0,0.1144700153980606,0.7939737710794784,19.67577767288249,21.201867686013365,0.069475726732661,0.5234772727272728,0.6777777777777778,0.2215512394939402,-47.28110977801803
LZ,"LegalZoom.com, Inc.",1461589451.0,727483000.0,477869000.0,77023000.0,2.314923442884576,0.1058760135975686,0,0.0668767717534291,0.6568799545831312,17.27527853509977,21.10279034625326,0.1382981894109388,0.3007515789473683,0.4629629629629629,0.2194643827989448,15.85366123138198
DSP,Viant Technology Inc.,49479874.74625588,324131000.0,148774000.0,23087000.0,0.5804377697482064,0.071227374117255,0,0.1206492990129133,0.4589934316680601,19.18766731301683,17.717076594294138,0.0542081317758838,0.5602836879432627,0.7148148148148148,0.2193598025356165,-43.90850626247696
EEFT,"Euronet Worldwide, Inc.",3591030538.3728714,4182800000.0,1716500000.0,657600000.0,0.7537846749480901,0.1572152625035861,0,0.0483733520477216,0.4103710433202639,20.55886145513077,22.001705056574377,0.0448272065874529,0.565923056407521,0.7296296296296296,0.2160278123479971,-28.142969121129724
LQDT,"Liquidity Services, Inc.",680646010.2117538,476669000.0,208815000.0,45475000.0,1.7652899815422314,0.0954016309011074,0,0.3119883958405585,0.4380712821685488,40.739002674166585,20.33855292164224,0.1137843223941069,0.3589658601259528,0.5222222222222223,0.2158937973511357,18.174693556023193
ACCS,ACCESS Newswire Inc.,30673165.96208,18275000.0,14130000.0,-14889000.0,1.6830186572957593,-0.8147195622435021,0,-0.2073990545170664,0.773187414500684,-102.21186167605686,17.238898790038338,0.0168699063459051,0.6981132075471698,0.8111111111111111,0.2154302075372066,-18.293934395829158
EVCM,EverCommerce Inc.,2089415917.54142,612753000.0,463731000.0,107283000.0,2.728185610745961,0.1750835981219186,0,-0.1230914542084964,0.7567992323171,5.199214391342217,21.460150399052846,0.1307747354161824,0.2994753218884119,0.4592592592592592,0.2128958663769516,-23.35526470579931
PUBM,"PubMatic, Inc.",251785591.3621997,288382000.0,185844000.0,34436000.0,1.19198005202197,0.1194110589426524,0,-0.0098676078776059,0.6444368927325561,10.954345106504642,19.34408845936004,0.1143804697055779,0.3256870144284129,0.4925925925925926,0.2089335004273315,-46.812278956146635
LAW,"CS Disco, Inc.",437487309.4954605,152677000.0,113949000.0,-59983000.0,3.00430522931064,-0.3928751547384347,0,0.0541007035300777,0.7463403132102412,-33.87744512083569,19.89655825875949,0.2302438087915135,0.0081743869209809,0.1407407407407407,0.2078680417788203,22.333335876464844
BAND,Bandwidth Inc.,826992122.6146431,756118000.0,293485000.0,50099000.0,0.556449023319962,0.0662581766338058,0,0.010195233851757,0.3881470881529073,7.645341048556283,20.53330572889744,0.0212510433746782,0.6066985743380855,0.7518518518518519,0.2039012454939716,-29.08040819647472
DOMO,"Domo, Inc.",435062296.8253832,317044000.0,236051000.0,-50046000.0,1.054037599908477,-0.1578519069908277,0,-0.0060973889381765,0.7445370358688383,-16.39492959290043,19.890999792190584,0.0305752716679996,0.5513808710503841,0.7074074074074074,0.1997833056028515,17.33467510283056
CTLP,"Cantaloupe, Inc.",794618686.6854668,302548000.0,123824000.0,42750000.0,2.6622112414739703,0.1412998929095548,0,0.1264054565220629,0.4092705950791279,26.77053494316177,20.493372919423955,0.20477640425723,0.0586011342155008,0.1814814814814815,0.1989526735632928,16.008772548986393
MITK,"Mitek Systems, Inc.",447381722.3122196,178134000.0,152473000.0,41218000.0,2.3677609120786576,0.2313876070823088,0,0.0351632642387684,0.8559455241559725,26.655087132107727,19.91892275529679,0.0696517875990629,0.4069264069264069,0.5851851851851851,0.1985351369955934,0.7633554442947085
ANGI,Angi Inc.,695718671.8736172,1057636000.0,1002840000.0,133743000.0,0.5095804907109981,0.1264546592589511,0,-0.1075645171089314,0.9481901145573712,1.889014215001966,20.36045593094422,0.0148250510474569,0.5912730184147318,0.7407407407407407,0.1963039734707778,-35.94871912247095
ROKU,"Roku, Inc.",11129864235.939217,4543395000.0,1980181000.0,401601000.0,2.676758511188047,0.0883922705377806,0,0.1046699918159896,0.4358372978796693,19.30622623537703,23.13289780422049,0.1514410124811172,0.1902201548720154,0.3259259259259259,0.1950622408423193,12.105136990585692
IZEA,"IZEA Worldwide, Inc.",34428017.43977356,36176492.0,16387406.0,-2709919.0,2.371706505975581,-0.0749082857453398,0,0.0082350524692587,0.4529849383959063,-6.667323327608108,17.35438128035533,0.0871080225400844,0.3473053892215569,0.5148148148148148,0.194034720608767,85.55556075563146
CCSI,"Consensus Cloud Solutions, Inc.",927000629.6503068,349609000.0,278535000.0,168281000.0,1.2389315768481552,0.4813405833373855,0,-0.0022061635586303,0.7967043182526765,47.91344197787552,20.647464803843064,0.0583402859835421,0.4216761737604212,0.6,0.1937552144876565,-8.584032745495582
OSPN,OneSpan Inc.,394377067.0255766,241436000.0,178353000.0,58855000.0,1.9514739600787645,0.2437706058748488,0,-0.0071675596988226,0.7387175069169469,23.660304617602616,19.79281803505096,0.0906388056089393,0.3317191283292978,0.5,0.1929791042067044,-30.6656702593331
DH,Definitive Healthcare Corp.,334640763.4633992,242275000.0,183968000.0,-215390000.0,1.1043473881473498,-0.8890310597461563,0,-0.0393613056200982,0.7593354658961924,-92.83923653662544,19.62856816953082,0.0067831236133367,0.5658532818532819,0.725925925925926,0.186568824191484,-45.58823971364127
OPFI,OppFi Inc.,568098735.9469032,573523000.0,472037000.0,364023000.0,0.4895928078680423,0.6347138650062857,0,0.0904246116171669,0.8230480730502525,72.51384766234527,20.15780579423128,0.044875691112654,0.4285714285714285,0.6037037037037037,0.1845826942604164,35.45661044938297
RSI,"Rush Street Interactive, Inc.",1560356945.9400885,1063702000.0,373584000.0,109067000.0,1.718541420379099,0.1025352965398203,0,0.1510892419836746,0.3512111474830356,25.362453852349496,21.16818044417544,0.1222670262652238,0.2242710230316014,0.3703703703703703,0.1842928622915104,30.55943935154949
HAS,"Hasbro, Inc.",14299294458.119844,4357000000.0,2818400000.0,-72900000.0,2.656321886187708,-0.0167316961211843,0,0.0535606335388707,0.6468671103970622,3.682893741768645,23.383476034472,0.1679451020552949,0.1099607129865405,0.2259259259259259,0.1824403080229526,27.50713618322984
DAIC,"CID HoldCo, Inc.",45990447.50323129,1010393.0,440474.0,-37645190.0,46.179238675675,-37.257967939207816,0,1.2982280957146757,0.4359432418870677,-3595.973984349314,17.64394429165884,0.2044706980002762,0.0,0.0907407407407407,0.1760382086853923,-95.39726041767696
FA,First Advantage Corporation,4320020228.643917,1461496000.0,670559000.0,247676000.0,1.658355704458936,0.1694674497911728,0,0.6990089571671869,0.4588168561528735,86.84764069583596,22.18652592197941,0.1021279968013039,0.2520524425287356,0.3925925925925926,0.174744145749126,-29.590289560020892
BLKB,"Blackbaud, Inc.",3983870436.819752,1135418000.0,655448000.0,-129391000.0,2.598946323574007,-0.11395891204825,0,-0.0173752374523472,0.5772746248518167,-13.133414950059729,22.105519655512385,0.1200756364047022,0.207651159020911,0.337037037037037,0.1743159865627859,-25.576065772763144
WEX,WEX Inc.,9334576811.825562,2624400000.0,1549800000.0,961000000.0,1.9515610470300115,0.3661789361377838,0,-0.0014458564797199,0.5905349794238683,36.473307965806384,22.95699127952478,0.1252892099509181,0.1842330454575885,0.3185185185185185,0.1735965370928182,-18.7765089316607
TRAK,"ReposiTrak, Inc.",330764405.7942753,22606066.0,18924736.0,9017759.0,15.87287402391355,0.3989088150056715,0,0.105251665744241,0.8371530013227423,50.41604807499125,19.61691691796771,0.1985565006453603,0.0,0.0907407407407407,0.1716025606692054,-40.74928718055958
DV,"DoubleVerify Holdings, Inc.",1645565006.31398,733324000.0,601451000.0,138354000.0,2.377093898895959,0.1886669466702303,0,0.1164270631454109,0.8201708930840937,30.509400981564127,21.221349631683385,0.0767019066230081,0.2866035120147873,0.4407407407407407,0.1677116151524412,-48.62298210253041
DFIN,"Donnelley Financial Solutions, Inc.",1442970734.8076248,750800000.0,470700000.0,120300000.0,1.735443173691562,0.1602290889717634,0,-0.0397749072771453,0.626931273308471,12.0454181694618,21.089969836426903,0.0663433697874155,0.3102511201629328,0.4703703703703704,0.1673501199331542,-19.389265150019185
SNAP,Snap Inc.,14423775951.906944,5772269000.0,3133477000.0,-223685000.0,1.9443820015849824,-0.0387516590096546,0,0.0766350492912482,0.5428501339767776,3.7883390281593607,23.39214378978912,0.0773442320135485,0.2849686684073106,0.437037037037037,0.1672674332694206,-39.302694794970975
NRDY,"Nerdy, Inc.",128339598.26539516,177867000.0,110688000.0,-56276000.0,0.9054495677410378,-0.3163937099068405,0,-0.0649946643817254,0.6223076793334346,-38.13883742885659,18.670190427836665,0.0411041247012373,0.3676870229007634,0.5407407407407407,0.1660132787111131,-14.379087106151589
SYNA,Synaptics Incorporated,2993523756.227165,1074300000.0,480400000.0,69400000.0,2.331586853045858,0.0646002047845108,0,0.1197623514696686,0.4471749045890347,18.436255625417942,21.819717044569163,0.1423852458797706,0.1103793466807164,0.2296296296296296,0.1641963418172353,-6.994976450564036
EGHT,"8x8, Inc.",590922000.0,715070000.0,485272000.0,44013000.0,0.3757813920315493,0.0615506174220705,0,-0.0187112754818479,0.6786356580474638,4.283934194022257,20.197194588657126,0.092779936519232,0.2254901960784313,0.3777777777777777,0.1640293968338684,-34.61538343975055
FORA,Forian Inc.,62162819.76328087,28106911.0,15572591.0,-214261.0,2.376829839582189,-0.0076230717776136,0,0.3946580759651674,0.554048468720024,38.70350041875539,17.94526764206873,0.2069391834108138,-0.0232558139534882,0.0333333333333333,0.1635377208914436,6.965179381513735
RSKD,Riskified Ltd.,585937368.892664,338838000.0,170128000.0,-38564000.0,2.328863258821809,-0.1138125003689078,0,0.0345693034844099,0.5020924453573684,-7.92431968844979,20.188723464513227,0.0934910724128266,0.2214137214137215,0.362962962962963,0.1608590450503607,-3.607211154205895
SCOR,"comScore, Inc.",65510900.737335205,358940000.0,146628000.0,29260000.0,0.0989326927545974,0.0815178024182314,0,0.008125331767997,0.4085028138407533,8.96431341862284,17.997727125494034,0.0159806512974543,0.4124293785310734,0.5925925925925926,0.1601336366212388,-9.114249571550486
FSLY,"Fastly, Inc.",2049731965.8050537,591985000.0,325306000.0,-46390000.0,2.962838527673934,-0.0783634720474336,0,0.0888562305490769,0.5495173019586644,1.0492758501643389,21.440974873648504,0.2095986020856278,-0.1127197614991482,0.0074074074074074,0.1590508034160727,19.67379479048865
SOUN,"SoundHound AI, Inc.",4301347032.850194,148404000.0,58985000.0,-271174000.0,30.763739743202297,-1.827268806770707,0,0.7522581559278807,0.3974623325516832,-107.50106508428264,22.182194074275195,0.0078523133172022,0.4378183361629882,0.6111111111111112,0.1586670127656794,16.05911503154266
PBI,Pitney Bowes Inc.,3497501762.214592,1931125000.0,1038527000.0,321091000.0,0.8249542428452803,0.1662714738818046,0,-0.0471099843185476,0.5377834164023562,11.9161489563257,21.97531476863948,0.0220734359121871,0.3804717171717171,0.5592592592592592,0.1563698917489551,29.112581114336294
YEXT,"Yext, Inc.",807936443.6907101,420957000.0,324593000.0,169000.0,1.985134927535853,0.0004014661830068,0,0.0411429504207043,0.7710835073416049,4.154441660371117,20.50999395583069,0.1216271828772407,0.1148900226757369,0.2407407407407407,0.1514055723431157,2.558131437162735
EVTC,"EVERTEC, Inc.",2539370373.234204,903381000.0,449980000.0,341269000.0,2.128353787863817,0.3777686269691304,0,0.0684754094094994,0.4981065574768564,44.62440363786298,21.655182003088736,0.1346476679896071,0.0915141430948418,0.2,0.1509857509922053,-15.594670655442519
VIRT,"Virtu Financial, Inc.",10599614815.84706,3496516000.0,2153321000.0,1792615000.0,0.8472418875952694,0.5126860566346615,0,0.21535557286556,0.6158476037289691,72.80416295002215,23.08408349937089,0.0743691781915159,0.2201613642877615,0.3592592592592593,0.1455916984584517,-5.0237040843050025
GTM,ZoomInfo Technologies Inc.,4575136722.289505,1239500000.0,1037800000.0,274800000.0,2.5314535879705566,0.2217022993142396,0,0.0207526970270937,0.8372730939895119,24.24549963413333,22.24390242009937,0.0649770078004285,0.2266762661370406,0.3814814814814815,0.1441031262206917,-10.089286907899158
ZG,"Zillow Group, Inc.",3159392210.161194,2483000000.0,1859000000.0,261000000.0,1.4765977487560185,0.1051147805074506,0,0.1104651162790697,0.7486910994764397,21.557989678652035,21.873645507805733,0.0801559338323572,0.2008708542033301,0.3296296296296296,0.1425243577816753,-6.85915392695944
DLX,Deluxe Corporation,2420031683.1756897,2118526000.0,1123675000.0,377834000.0,0.4455034694762725,0.1783475869543258,0,-0.0015246769075311,0.5304041583629372,17.68229100467947,21.60704646966388,0.0310408184879541,0.3113972341440153,0.4740740740740741,0.1417991323844841,-5.440130993527559
CDLX,"Cardlytics, Inc.",243961555.07104683,251175000.0,111456000.0,-73468000.0,0.2647140641825294,-0.2924972628645367,0,-0.0974602763943686,0.443738429381905,-38.995753925890526,19.31252121375818,0.0207610245289835,0.3211382113821138,0.4888888888888889,0.1377929906189598,-67.80104605841343
VIAV,Viavi Solutions Inc.,2516693037.65358,1084300000.0,621100000.0,128900000.0,2.073220545654874,0.1188785391496818,0,0.0838664534186326,0.5728119524116941,20.274499256831444,21.64621159041953,0.1237543044016708,0.0524597372929753,0.174074074074074,0.1363342468197716,68.52742685552293
G,Genpact Limited,8481397051.141766,5009342000.0,1794490000.0,891498000.0,1.5557197035342696,0.1779670862959646,0,0.0508067836914343,0.358228685523967,22.87738699873989,22.861141019895804,0.1034649546800302,0.1106194690265486,0.2333333333333333,0.1359320493433559,0.8329826547045897
LTRX,"Lantronix, Inc.",113285351.3350668,122923000.0,51699000.0,-5066000.0,0.9129646309890485,-0.0412127917476794,0,-0.2332981968102689,0.4205803633168731,-27.45109885579484,18.545420435514075,0.0210405276345736,0.3122775800711743,0.4777777777777778,0.1352248401703746,81.87702400211599
RPD,"Rapid7, Inc.",1891793227.5894928,858667000.0,604877000.0,82827000.0,1.224713687133071,0.0964599780823066,0,0.0173695241864106,0.7044372265383437,11.382950226871728,21.36079101438896,0.0407786725638636,0.2681139476961395,0.4111111111111111,0.1333617822006754,-63.45015938125157
BMBL,Bumble Inc.,716091544.9248374,1003141000.0,708278000.0,-173322000.0,0.4225712486328815,-0.1727793002180152,0,-0.0639224069956132,0.7060602647085504,-23.670170721362844,20.389318574188778,0.0242596912335831,0.2993909574468087,0.4555555555555555,0.1320836573140762,-57.36961314556833
LYFT,"Lyft, Inc.",8885153346.871754,6273827000.0,2673419000.0,309203000.0,1.4213910180933829,0.0492845913666411,0,0.0843086158074917,0.4261225245771042,13.359320717413285,22.90764755759056,0.1095167736610672,0.0894832064487237,0.1925925925925926,0.1302857283939485,29.524363226008095
TAC,TransAlta Corporation,8357800000.0,2484000000.0,1509000000.0,696000000.0,1.6722222222222225,0.2801932367149758,0,-0.1268892794376098,0.607487922705314,15.330395727736596,22.84646107163582,0.0650402696143727,0.1766715714285714,0.3,0.1237802022107795,21.397467302627845
TDOC,"Teladoc Health, Inc.",1652195776.8854022,2528199000.0,1764726000.0,140410000.0,0.5285876534582136,0.0555375585545283,0,-0.0161018908192563,0.6980170469175884,3.943566773527191,21.22537101463935,0.0418661958128915,0.2230438247011951,0.3666666666666666,0.1230663135263352,-31.669692404564202
MTCH,"Match Group, Inc.",10931106708.220163,3469367000.0,2507064000.0,929035000.0,2.2883254231161376,0.2677822784386892,0,-0.0028758054971398,0.722628652431409,26.490647294154936,23.11487838828348,0.0845177602320744,0.1095982753493903,0.2222222222222222,0.1189438757296113,4.749794829062637
APPN,Appian Corporation,1865117335.4085617,690755000.0,526938000.0,28308000.0,2.4375680746553576,0.0409812451592822,0,0.1194981702435244,0.7628435552402806,16.047941540280668,21.346589803027506,0.0968930495415623,0.0558375634517767,0.1777777777777777,0.1171142316006161,-3.265401500872192
SATL,Satellogic Inc.,268054069.3264873,14684000.0,9845000.0,-73059000.0,13.69273149867116,-4.975415418142196,0,0.140947940947941,0.670457640969763,-483.4467477194255,19.40669927307492,0.1250770340222439,0.0,0.0907407407407407,0.1164929607018681,-38.31417321777309
HFUS,"Hartford Creative Group, Inc.",79141453.0,2421152.0,2311330.0,1697767.0,31.010449571113256,0.701222806333514,0,0.7294622288732773,0.9546406008379482,143.06850352067912,18.1867473662572,0.123906343730691,0.0,0.0907407407407407,0.1156149429832034,-54.42708231469925
PRLB,"Proto Labs, Inc.",1109899176.3261795,518384000.0,228722000.0,57068000.0,2.337800117916794,0.1100882743294546,0,0.0349258320190062,0.4412211796660391,14.501410634846083,20.82753501690757,0.0796461052686854,0.1072033997655334,0.2148148148148148,0.1134382826552177,21.308371583533418
ZD,"Ziff Davis, Inc.",1778423618.507965,1457379000.0,1260622000.0,391690000.0,0.9715074929088212,0.2687633072797124,0,0.0397313810205979,0.8649925654205255,30.84946883003104,21.29899320185083,0.03506682251366,0.211734654017857,0.3481481481481481,0.113337153922282,-39.07870297962668
DNA,"Ginkgo Bioworks Holdings, Inc.",749002602.0561695,180606000.0,131313000.0,-331991000.0,2.420725790151875,-1.838205818189872,0,-0.2045295384574728,0.7270688681439155,-204.27353566473448,20.43425301685085,0.0453447091292713,0.1838701442841287,0.3148148148148148,0.1127122355506571,-13.448603641222038
ELSE,"Electro-Sensors, Inc.",5463412.943730354,9787000.0,4960000.0,407000.0,1.6383378914611582,0.0415857770511903,0,0.0441694228101994,0.5067947277000102,8.575519986138971,15.513584416744214,0.1126175099791219,0.0,0.0907407407407407,0.1071483176695266,0.8752726553724782
SKIN,The Beauty Health Company,362312868.06587374,301917000.0,195672000.0,29125000.0,0.671475498451143,0.0964669097798401,0,-0.0968518729022955,0.6480986496288715,-0.038496312245547,19.708018675703343,0.0211390433678487,0.2159308176100628,0.3518518518518518,0.1038172454888494,8.163265471621946
CSGS,"CSG Systems International, Inc.",2615948051.117996,1216848000.0,600479000.0,210965000.0,1.8145504213492527,0.1733700511485411,0,0.016370877211739,0.4934708361274374,18.97409283602801,21.684892412591136,0.0738184274646255,0.0423663136140532,0.1703703703703703,0.0979564131910617,43.83846922983807
IBTA,"Ibotta, Inc.",368017507.17007446,352243000.0,284933000.0,21544000.0,1.6067643847289357,0.0611623226011588,0,-0.040873618803335,0.8089103261101002,2.028870379782373,19.723641071550592,0.0341417258458051,0.1717361226180613,0.2851851851851852,0.0969025906806501,-66.81787025477878
NTCT,"NetScout Systems, Inc.",1100074595.863279,822679000.0,643944000.0,-294848000.0,1.8403114651805617,-0.3583998132929125,0,-0.0081692195477753,0.7827402911706753,-36.65690328406879,20.818643829781635,0.0437263685005109,0.1425946343256155,0.2555555555555555,0.096683665264272,18.820958680081407
YELP,Yelp Inc.,1649082576.963869,1466918000.0,1327085000.0,250436000.0,1.2630246387077322,0.1707225625426915,0,0.0388466811702585,0.9046756533085012,20.95692437129501,21.223484956870923,0.0451439332862517,0.1118486558247594,0.237037037037037,0.093117209223948,-22.38536991852742
AISP,"Airship AI Holdings, Inc.",124394839.1622293,12033886.0,5610398.0,-56037242.0,10.73498844531428,-4.656620646065618,0,-0.4779273406280454,0.4662166485539251,-513.4547986693664,18.63897125961354,0.0870475668279198,0.0,0.0907407407407407,0.087970860306125,26.845635811942465
TRIP,"Tripadvisor, Inc.",1823021279.8981955,1891000000.0,1778000000.0,236300000.0,0.943427435165624,0.124960338445267,0,0.0305177111716621,0.9402432575356954,15.547804961692911,21.32376100613388,0.0277939383201969,0.1549803407601573,0.2629629629629629,0.0865861944808884,4.80769085914329
UAVS,"AgEagle Aerial Systems, Inc.",37476021.99135208,12637988.0,6378046.0,-15270394.0,4.090337559376705,-1.208293123873832,0,-0.0563579159124354,0.5046725792111846,-126.46510397862674,17.439211899548386,0.0845999541685891,0.0,0.0907407407407407,0.086135150811627,-82.47282692321023
AWRE,"Aware, Inc.",45201605.73150635,17429000.0,16039000.0,-6010000.0,2.722451416117181,-0.3448275862068966,0,0.0023003047903846,0.9202478627574732,-34.25272814165119,17.626643191327894,0.0833624940083233,0.0,0.0907407407407407,0.0852070556914276,33.734944171631504
UPYY,"UPAY, Inc.",12050301.502169669,715269.0,444363.0,-497771.0,16.24094921235181,-0.6959213946081824,0,-0.4870446813271295,0.6212529831434048,-118.29660759353118,16.304600321500335,0.0807120385561663,0.0,0.0907407407407407,0.0832192141023099,100.0
CRNC,Cerence Inc.,673543041.6545868,251781000.0,183136000.0,11951000.0,2.1464687234326134,0.047465853261366,0,-0.2404888025483855,0.7273622711801129,-19.30229492870196,20.328062460688106,0.0552078227713652,0.032204789430223,0.1592592592592592,0.0812206818933387,68.19444413170402
RNG,"RingCentral, Inc.",3394573557.9109898,2485621000.0,1767721000.0,314242000.0,0.9029806064202828,0.1264239399329181,0,0.0355049898037613,0.7111788160785575,16.192892973667945,21.945443981499466,0.0259685900099701,0.1225557455540355,0.2444444444444444,0.0805875536185886,-26.514201813682863
NRDS,"NerdWallet, Inc.",517378845.7253895,795000000.0,728200000.0,98000000.0,0.8024891141199868,0.1232704402515723,0,0.1561954624781849,0.9159748427672956,27.94659027297573,20.06428594308722,0.0504078117943656,0.039657234726688,0.1629629629629629,0.0785465995865149,10.754987414419787
MSGM,Motorsport Games Inc.,10015524.85470438,9424138.0,6835295.0,4828959.0,1.498077686755476,0.5124032564039279,0,0.0847976083233514,0.7252965735433841,59.72008647272794,16.119647032413997,0.0744804919295813,0.0,0.0907407407407407,0.0785455541323711,124.19354435556515
INVU,"Investview, Inc.",43054588.038625896,40967070.0,26483933.0,1125849.0,1.331443133195171,0.0274818042881758,0,-0.2179165995872892,0.6464688101931625,-19.043479529911345,17.577979381034353,0.0675579724036017,0.0,0.0907407407407407,0.0733536644878864,125.01907577421075
JAMF,Jamf Holding Corp.,1949955250.984233,690590000.0,530511000.0,17136000.0,2.502056576238047,0.0248135652123546,0,0.100719000189672,0.7681996553671498,12.553256540202666,21.39107226155837,0.0908632665980315,-0.0736861989205859,0.0185185185185185,0.0727770795781532,-19.190025647601338
WU,The Western Union Company,4096096450.874105,4100500000.0,1533600000.0,925800000.0,0.7014989515605669,0.2257773442263138,0,-0.0259400907428082,0.3740031703450798,19.98372534835056,22.1333002722272,0.0339759422071868,0.0635359116022098,0.1851851851851851,0.0717782529516863,-6.831164312347663
BDST,"bebe stores, inc.",36750333.0541662,54495000.0,35040000.0,19883000.0,0.2346331416490723,0.3648591613909533,0,-0.0419472231500852,0.6429947701624003,32.291193824086804,17.41965787349109,0.0653559190124909,0.0,0.0907407407407407,0.0717021244445533,-74.52829949963585
RMAX,"RE/MAX Holdings, Inc.",520798937.0,292931000.0,219000000.0,71692000.0,0.5648597690241046,0.2447402289276314,0,-0.0479516388514227,0.747616332856543,19.678859007620865,20.070874609686047,0.0287412071440854,0.0909090909090909,0.1962962962962963,0.0706299794321381,-37.21461351260668
ONTF,"ON24, Inc.",204014947.9982185,141348000.0,105351000.0,-26202000.0,1.7678987180449566,-0.1853722726886832,0,-0.0454683585335052,0.7453306732320231,-23.08406312221885,19.13370382852672,0.0416156393715448,0.015228426395939,0.1518518518518518,0.0691746924916215,-11.127823117939897
MODG,Topgolf Callaway Brands Corp.,4561819214.784604,4061200000.0,2571100000.0,-985600000.0,0.5528462559796622,-0.2426868905742145,0,-0.0420116528672186,0.6330887422436718,-28.469854344143315,22.24098733174294,0.0389989065065956,0.0237510237510236,0.1555555555555555,0.0681380687688355,47.463773332339734
EB,"Eventbrite, Inc.",137296963.574152,294798000.0,199393000.0,12095000.0,1.2355611760397018,0.0410280938133908,0,-0.0931189781830262,0.6763716171751505,-5.209088436963548,18.7376567625124,0.0884232845098126,-0.3581081081081081,0.0037037037037037,0.0672433893082853,15.025911344234252
TOGI,"TurnOnGreen, Inc",16672139.046540022,6187000.0,2449000.0,-2259000.0,1.5165894692969164,-0.3651204137708098,0,0.2595684039087949,0.3958299660578632,-10.555200986201488,16.629249623604316,0.0516513803191343,0.0,0.0907407407407407,0.0614237204245359,201.77515601582607
ATGN,"Altigen Communications, Inc.",10596444.26127243,13661000.0,8419000.0,915000.0,1.023969274670407,0.066978991289071,0,-0.0014618814414151,0.6162799209428299,6.551710984765588,16.17602915012885,0.0512085693439125,0.0,0.0907407407407407,0.0610916121931195,-22.857138478026023
NTWK,"NetSol Technologies, Inc.",28361399.50617647,66088229.0,32574532.0,8382395.0,0.5534731231211608,0.1268364295251428,0,0.0764766510941761,0.4928946121403858,20.33130806193189,17.16053964156039,0.0450788716884202,0.0,0.0907407407407407,0.0564943389515003,6.617649443524906
APCX,AppTech Payments Corp.,17564932.769043744,787000.0,449000.0,-5199000.0,21.294704916192813,-6.606099110546379,0,1.8514492753623188,0.5705209656925032,-475.464983518406,16.681415073054048,0.0424988098585192,0.0,0.0907407407407407,0.0545592925790745,2.3809572804273027
DBX,"Dropbox, Inc.",7746222946.6919,2528400000.0,2038900000.0,772400000.0,2.0654259399983785,0.3054896377155513,0,-0.0077701907228632,0.8063993039076096,29.77194469926881,22.770471199924263,0.063743299156646,-0.0564462257849031,0.0259259259259259,0.0542889558489659,4.393306190636435
BLBX,Blackboxstocks Inc.,32540580.27896261,2387828.0,940479.0,-3658574.0,12.88859594533719,-1.53217652192704,0,-0.0697786396753185,0.3938637958847957,-160.19551616023583,17.297998523116284,0.0391338187760983,0.0,0.0907407407407407,0.0520355492672589,190.23437478172127
BODI,"The Beachbody Company, Inc.",35775219.25,282565000.0,203311000.0,-7388000.0,0.1561949259462424,-0.0261461964503742,0,-0.3252920276220403,0.7195194026153274,-35.14382240724146,17.392766039921728,0.0201467131619918,0.0041155555555555,0.137037037037037,0.0493692941307531,64.36688718837608
TDC,Teradata Corporation,2990959928.894043,1651000000.0,974000000.0,271000000.0,1.7104542270708922,0.1641429436705027,0,-0.0565714285714286,0.5899454875832829,10.75715150990741,21.81886021961182,0.0620941598021339,-0.0825082508250825,0.0111111111111111,0.0493483976293782,-4.806788219644349
VRNT,Verint Systems Inc.,1809710247.8542328,909186000.0,648050000.0,155609000.0,1.7345034435794575,0.1711519975010614,0,-0.0013192191892019,0.7127804431656449,16.983277831185944,21.316432585903463,0.0376890745407538,-0.0004875670404681,0.0444444444444444,0.0393779170166764,-21.024255790661396
FDCT,"FDCTech, Inc.",1839716.1732697152,26080577.0,13759359.0,2233525.0,0.972182600610014,0.0856394013061904,0,-0.032034962658086,0.5275711116360654,5.360443864810437,14.425122407591044,0.0210422787606584,0.0,0.0907407407407407,0.0384668942556789,3389.9996798578804
SKIL,Skillsoft Corp.,737632680.0,530994000.0,396115000.0,66459000.0,0.469884179482254,0.1251596063232352,0,-0.0402051923497525,0.7459877136088167,8.49544139734827,20.418956536437705,0.0187981526968142,0.0,0.0907407407407407,0.0367837997077958,-48.31460599793696
FUSE,Fusemachines Inc.,321879063.5,8811000.0,4835000.0,-14828000.0,34.588816649642496,-1.682896379525593,0,0.184592632428072,0.5487458858245375,-149.8303747097521,19.589686456875363,0.0062339417096865,0.0,0.0907407407407407,0.02736064146745,-84.58149831556754
ZIP,"ZipRecruiter, Inc.",728647799.1500502,448299000.0,400662000.0,4883000.0,0.8525756228545015,0.010892283944421,0,-0.0542235142963833,0.8937383308907672,-4.333123035196239,20.40670104586312,0.0286415316164148,-0.0740740740740741,0.0148148148148148,0.0251848524160148,-34.54545338948567
